id,module,legacy_path,legacy_type,status,proposed_replacement,confidence,priority,notes
MAP-001,BibleReader/BibleReader,BibleReader/BibleReader/About.aspx,aspx,Needs-Manual,,0.00,P2,No deterministic replacement found.
MAP-002,BibleReader/BibleReader,BibleReader/BibleReader/Account/ChangePasswordSuccess.aspx,aspx,Needs-Manual,,0.00,P2,No deterministic replacement found.
MAP-003,BibleReader/BibleReader,BibleReader/BibleReader/BibleService.asmx,asmx,Mapped-Direct,BibleReader/BibleReader/Api/BibleApiController.cs,1.00,P0,Direct mapped replacement identified from current API/controller structure.
MAP-004,LessonReviewer/LessonReviewer,LessonReviewer/LessonReviewer/Handlers/AjaxHandler.ashx,ashx,Needs-Manual,,0.00,P0,No deterministic replacement found.
MAP-005,Portal/WebParts/BranchLocator/WCMS.WebSystem.Apps.BranchLocator.WebApp,Portal/WebParts/BranchLocator/WCMS.WebSystem.Apps.BranchLocator.WebApp/BranchLocator/Admin/ChapterHome.ascx,ascx,Needs-Manual,,0.00,P2,No deterministic replacement found.
MAP-006,Portal/WebParts/BranchLocator/WCMS.WebSystem.Apps.BranchLocator.WebApp,Portal/WebParts/BranchLocator/WCMS.WebSystem.Apps.BranchLocator.WebApp/BranchLocator/Admin/ChapterTree.ascx,ascx,Needs-Manual,,0.00,P2,No deterministic replacement found.
MAP-007,Portal/WebParts/Integration/IntegrationParts,Portal/WebParts/Integration/IntegrationParts/Apps/Integration/Account/ChangePasswordV2.ascx,ascx,Needs-Manual,,0.00,P2,No deterministic replacement found.
MAP-008,Portal/WebParts/Integration/IntegrationParts,Portal/WebParts/Integration/IntegrationParts/Apps/Integration/BibleReader/BibleService.asmx,asmx,Mapped-Direct,BibleReader/BibleReader/Api/BibleApiController.cs,1.00,P0,Direct mapped replacement identified from current API/controller structure.
MAP-009,Portal/WebParts/Integration/IntegrationParts,Portal/WebParts/Integration/IntegrationParts/Apps/Integration/MusicCompetition/ASOP-WS.asmx,asmx,Needs-Manual,,0.00,P0,No deterministic replacement found.
MAP-010,Portal/WebParts/Integration/IntegrationParts,Portal/WebParts/Integration/IntegrationParts/Apps/Integration/Profile/MemberService.asmx,asmx,Mapped-Direct,Portal/WebParts/Integration/IntegrationParts/Api/MemberApiController.cs,1.00,P0,Direct mapped replacement identified from current API/controller structure.
MAP-011,Portal/WebParts/Integration/IntegrationParts,Portal/WebParts/Integration/IntegrationParts/Apps/Integration/Streaming/VerifySession.ashx,ashx,Mapped-Probable,Portal/WebParts/Integration/IntegrationParts/Api/MemberApiController.cs,0.40,P0,Streaming session validation likely consolidated under API
MAP-012,Portal/WebParts/SystemParts/SystemParts,Portal/WebParts/SystemParts/SystemParts/AppBundle/Article/AdminPublication.ascx,ascx,Needs-Manual,,0.00,P1,No deterministic replacement found.
MAP-013,Portal/WebParts/SystemParts/SystemParts,Portal/WebParts/SystemParts/SystemParts/AppBundle/Article/AdminSubscriptionManager.ascx,ascx,Needs-Manual,,0.00,P1,No deterministic replacement found.
MAP-014,Portal/WebParts/SystemParts/SystemParts,Portal/WebParts/SystemParts/SystemParts/AppBundle/Article/ConfigPublication.ascx,ascx,Needs-Manual,,0.00,P1,No deterministic replacement found.
MAP-015,Portal/WebParts/SystemParts/SystemParts,Portal/WebParts/SystemParts/SystemParts/AppBundle/Article/ConfigSendEmail.ascx,ascx,Needs-Manual,,0.00,P1,No deterministic replacement found.
MAP-016,Portal/WebParts/SystemParts/SystemParts,Portal/WebParts/SystemParts/SystemParts/AppBundle/Article/Controls/AdminTabControl.ascx,ascx,Needs-Manual,,0.00,P1,No deterministic replacement found.
MAP-017,Portal/WebParts/SystemParts/SystemParts,Portal/WebParts/SystemParts/SystemParts/AppBundle/Article/EmailPreview.ashx,ashx,Needs-Manual,,0.00,P0,No deterministic replacement found.
MAP-018,Portal/WebParts/SystemParts/SystemParts,Portal/WebParts/SystemParts/SystemParts/AppBundle/Article/EmailPreview.aspx,aspx,Needs-Manual,,0.00,P1,No deterministic replacement found.
MAP-019,Portal/WebParts/SystemParts/SystemParts,Portal/WebParts/SystemParts/SystemParts/AppBundle/Article/RSS.aspx,aspx,Needs-Manual,,0.00,P1,No deterministic replacement found.
MAP-020,Portal/WebParts/SystemParts/SystemParts,Portal/WebParts/SystemParts/SystemParts/AppBundle/Article/Templates/Multiple/FrontNews.ascx,ascx,Needs-Manual,,0.00,P1,No deterministic replacement found.
MAP-021,Portal/WebParts/SystemParts/SystemParts,Portal/WebParts/SystemParts/SystemParts/AppBundle/Article/Templates/Multiple/Newsroom.ascx,ascx,Needs-Manual,,0.00,P1,No deterministic replacement found.
MAP-022,Portal/WebParts/SystemParts/SystemParts,Portal/WebParts/SystemParts/SystemParts/AppBundle/Article/Templates/Single/FrontNews.ascx,ascx,Needs-Manual,,0.00,P1,No deterministic replacement found.
MAP-023,Portal/WebParts/SystemParts/SystemParts,Portal/WebParts/SystemParts/SystemParts/AppBundle/Article/Templates/Single/Newsroom.ascx,ascx,Needs-Manual,,0.00,P1,No deterministic replacement found.
MAP-024,Portal/WebParts/SystemParts/SystemParts,Portal/WebParts/SystemParts/SystemParts/AppBundle/Contact/AdminInquiriesDetails.ascx,ascx,Needs-Manual,,0.00,P1,No deterministic replacement found.
MAP-025,Portal/WebParts/SystemParts/SystemParts,Portal/WebParts/SystemParts/SystemParts/AppBundle/Contact/AdminInquiriesList.ascx,ascx,Needs-Manual,,0.00,P1,No deterministic replacement found.
MAP-026,Portal/WebParts/SystemParts/SystemParts,Portal/WebParts/SystemParts/SystemParts/AppBundle/Contact/ConfigInquiriesList.ascx,ascx,Needs-Manual,,0.00,P1,No deterministic replacement found.
MAP-027,Portal/WebParts/SystemParts/SystemParts,Portal/WebParts/SystemParts/SystemParts/AppBundle/Container/ThreeRow.ascx,ascx,Needs-Manual,,0.00,P1,No deterministic replacement found.
MAP-028,Portal/WebParts/SystemParts/SystemParts,Portal/WebParts/SystemParts/SystemParts/AppBundle/Container/TwoRow.ascx,ascx,Needs-Manual,,0.00,P1,No deterministic replacement found.
MAP-029,Portal/WebParts/SystemParts/SystemParts,Portal/WebParts/SystemParts/SystemParts/AppBundle/Content/Blog.ascx,ascx,Needs-Manual,,0.00,P1,No deterministic replacement found.
MAP-030,Portal/WebParts/SystemParts/SystemParts,Portal/WebParts/SystemParts/SystemParts/AppBundle/Content/ConfigOpen.ascx,ascx,Needs-Manual,,0.00,P1,No deterministic replacement found.
MAP-031,Portal/WebParts/SystemParts/SystemParts,Portal/WebParts/SystemParts/SystemParts/AppBundle/Content/WM_Custom.ascx,ascx,Needs-Manual,,0.00,P1,No deterministic replacement found.
MAP-032,Portal/WebParts/SystemParts/SystemParts,Portal/WebParts/SystemParts/SystemParts/AppBundle/EventCalendar/AdminCalendar.ascx,ascx,Needs-Manual,,0.00,P1,No deterministic replacement found.
MAP-033,Portal/WebParts/SystemParts/SystemParts,Portal/WebParts/SystemParts/SystemParts/AppBundle/EventCalendar/AdminCalendarHome.ascx,ascx,Needs-Manual,,0.00,P1,No deterministic replacement found.
MAP-034,Portal/WebParts/SystemParts/SystemParts,Portal/WebParts/SystemParts/SystemParts/AppBundle/EventCalendar/AdminCalendarManager.ascx,ascx,Needs-Manual,,0.00,P1,No deterministic replacement found.
MAP-035,Portal/WebParts/SystemParts/SystemParts,Portal/WebParts/SystemParts/SystemParts/AppBundle/EventCalendar/AdminCategoryEdit.ascx,ascx,Needs-Manual,,0.00,P1,No deterministic replacement found.
MAP-036,Portal/WebParts/SystemParts/SystemParts,Portal/WebParts/SystemParts/SystemParts/AppBundle/EventCalendar/AdminCategoryManager.ascx,ascx,Needs-Manual,,0.00,P1,No deterministic replacement found.
MAP-037,Portal/WebParts/SystemParts/SystemParts,Portal/WebParts/SystemParts/SystemParts/AppBundle/EventCalendar/AdminEvent.ascx,ascx,Needs-Manual,,0.00,P1,No deterministic replacement found.
MAP-038,Portal/WebParts/SystemParts/SystemParts,Portal/WebParts/SystemParts/SystemParts/AppBundle/EventCalendar/AdminEventView.ascx,ascx,Needs-Manual,,0.00,P1,No deterministic replacement found.
MAP-039,Portal/WebParts/SystemParts/SystemParts,Portal/WebParts/SystemParts/SystemParts/AppBundle/EventCalendar/AdminLocation.ascx,ascx,Needs-Manual,,0.00,P1,No deterministic replacement found.
MAP-040,Portal/WebParts/SystemParts/SystemParts,Portal/WebParts/SystemParts/SystemParts/AppBundle/EventCalendar/AdminLocationManager.ascx,ascx,Needs-Manual,,0.00,P1,No deterministic replacement found.
MAP-041,Portal/WebParts/SystemParts/SystemParts,Portal/WebParts/SystemParts/SystemParts/AppBundle/EventCalendar/CalendarMiniView.ascx,ascx,Needs-Manual,,0.00,P1,No deterministic replacement found.
MAP-042,Portal/WebParts/SystemParts/SystemParts,Portal/WebParts/SystemParts/SystemParts/AppBundle/FileManager/ConfigFileManager.ascx,ascx,Needs-Manual,,0.00,P1,No deterministic replacement found.
MAP-043,Portal/WebParts/SystemParts/SystemParts,Portal/WebParts/SystemParts/SystemParts/AppBundle/FileManager/Controls/IndexerBreadcrumb.ascx,ascx,Needs-Manual,,0.00,P1,No deterministic replacement found.
MAP-044,Portal/WebParts/SystemParts/SystemParts,Portal/WebParts/SystemParts/SystemParts/AppBundle/FileManager/CreateFolder.ascx,ascx,Needs-Manual,,0.00,P1,No deterministic replacement found.
MAP-045,Portal/WebParts/SystemParts/SystemParts,Portal/WebParts/SystemParts/SystemParts/AppBundle/FileManager/IndexerDownload.ascx,ascx,Needs-Manual,,0.00,P1,No deterministic replacement found.
MAP-046,Portal/WebParts/SystemParts/SystemParts,Portal/WebParts/SystemParts/SystemParts/AppBundle/FileManager/RemoteIndexRecentUpdates.ascx,ascx,Needs-Manual,,0.00,P1,No deterministic replacement found.
MAP-047,Portal/WebParts/SystemParts/SystemParts,Portal/WebParts/SystemParts/SystemParts/AppBundle/FileManager/RemoteIndexView.ascx,ascx,Needs-Manual,,0.00,P1,No deterministic replacement found.
MAP-048,Portal/WebParts/SystemParts/SystemParts,Portal/WebParts/SystemParts/SystemParts/AppBundle/FileManager/RemoteIndexerDownload.ascx,ascx,Needs-Manual,,0.00,P1,No deterministic replacement found.
MAP-049,Portal/WebParts/SystemParts/SystemParts,Portal/WebParts/SystemParts/SystemParts/AppBundle/FileManager/RenameFile.ascx,ascx,Needs-Manual,,0.00,P1,No deterministic replacement found.
MAP-050,Portal/WebParts/SystemParts/SystemParts,Portal/WebParts/SystemParts/SystemParts/AppBundle/GenericList/ListData.ascx,ascx,Needs-Manual,,0.00,P1,No deterministic replacement found.
MAP-051,Portal/WebParts/SystemParts/SystemParts,Portal/WebParts/SystemParts/SystemParts/AppBundle/GenericList/SM_Surveys.ascx,ascx,Needs-Manual,,0.00,P1,No deterministic replacement found.
MAP-052,Portal/WebParts/SystemParts/SystemParts,Portal/WebParts/SystemParts/SystemParts/AppBundle/GenericList/SurveyFinish.ascx,ascx,Needs-Manual,,0.00,P1,No deterministic replacement found.
MAP-053,Portal/WebParts/SystemParts/SystemParts,Portal/WebParts/SystemParts/SystemParts/AppBundle/GenericList/SurveyStart.ascx,ascx,Needs-Manual,,0.00,P1,No deterministic replacement found.
MAP-054,Portal/WebParts/SystemParts/SystemParts,Portal/WebParts/SystemParts/SystemParts/AppBundle/GenericList/SurveyWelcome.ascx,ascx,Needs-Manual,,0.00,P1,No deterministic replacement found.
MAP-055,Portal/WebParts/SystemParts/SystemParts,Portal/WebParts/SystemParts/SystemParts/AppBundle/GenericList/WM_CreateQuestionItems_07.ascx,ascx,Needs-Manual,,0.00,P1,No deterministic replacement found.
MAP-056,Portal/WebParts/SystemParts/SystemParts,Portal/WebParts/SystemParts/SystemParts/AppBundle/GenericList/WM_CreateQuestion_06.ascx,ascx,Needs-Manual,,0.00,P1,No deterministic replacement found.
MAP-057,Portal/WebParts/SystemParts/SystemParts,Portal/WebParts/SystemParts/SystemParts/AppBundle/GenericList/WM_CreateSurveyPage_04.ascx,ascx,Needs-Manual,,0.00,P1,No deterministic replacement found.
MAP-058,Portal/WebParts/SystemParts/SystemParts,Portal/WebParts/SystemParts/SystemParts/AppBundle/GenericList/WM_CreateSurvey_02.ascx,ascx,Needs-Manual,,0.00,P1,No deterministic replacement found.
MAP-059,Portal/WebParts/SystemParts/SystemParts,Portal/WebParts/SystemParts/SystemParts/AppBundle/GenericList/WM_Responses_09.ascx,ascx,Needs-Manual,,0.00,P1,No deterministic replacement found.
MAP-060,Portal/WebParts/SystemParts/SystemParts,Portal/WebParts/SystemParts/SystemParts/AppBundle/GenericList/WM_Results_08.ascx,ascx,Needs-Manual,,0.00,P1,No deterministic replacement found.
MAP-061,Portal/WebParts/SystemParts/SystemParts,Portal/WebParts/SystemParts/SystemParts/AppBundle/GenericList/WM_SurveyPages_03.ascx,ascx,Needs-Manual,,0.00,P1,No deterministic replacement found.
MAP-062,Portal/WebParts/SystemParts/SystemParts,Portal/WebParts/SystemParts/SystemParts/AppBundle/GenericList/WM_SurveyQuestions_05.ascx,ascx,Needs-Manual,,0.00,P1,No deterministic replacement found.
MAP-063,Portal/WebParts/SystemParts/SystemParts,Portal/WebParts/SystemParts/SystemParts/AppBundle/GenericList/WM_Surveys_01.ascx,ascx,Needs-Manual,,0.00,P1,No deterministic replacement found.
MAP-064,Portal/WebParts/SystemParts/SystemParts,Portal/WebParts/SystemParts/SystemParts/AppBundle/Menu/AdminMenuEdit.ascx,ascx,Needs-Manual,,0.00,P1,No deterministic replacement found.
MAP-065,Portal/WebParts/SystemParts/SystemParts,Portal/WebParts/SystemParts/SystemParts/AppBundle/Menu/CCMS_Menu_08.ascx,ascx,Needs-Manual,,0.00,P1,No deterministic replacement found.
MAP-066,Portal/WebParts/SystemParts/SystemParts,Portal/WebParts/SystemParts/SystemParts/AppBundle/Menu/CCMS_Menu_09.ascx,ascx,Needs-Manual,,0.00,P1,No deterministic replacement found.
MAP-067,Portal/WebParts/SystemParts/SystemParts,Portal/WebParts/SystemParts/SystemParts/AppBundle/Menu/CMS_ListingPage.ascx,ascx,Mapped-Probable,Portal/WebParts/SystemPartsG2/SystemPartsG2/ViewComponents/ListingPageViewComponent.cs,0.50,P1,Token-based fuzzy match only; requires manual validation.
MAP-068,Portal/WebParts/SystemParts/SystemParts,Portal/WebParts/SystemParts/SystemParts/AppBundle/Menu/CMS_StdMenu_01.ascx,ascx,Needs-Manual,,0.00,P1,No deterministic replacement found.
MAP-069,Portal/WebParts/SystemParts/SystemParts,Portal/WebParts/SystemParts/SystemParts/AppBundle/Menu/ConfigDynamicMenu01.ascx,ascx,Needs-Manual,,0.00,P1,No deterministic replacement found.
MAP-070,Portal/WebParts/SystemParts/SystemParts,Portal/WebParts/SystemParts/SystemParts/AppBundle/Menu/ConfigDynamicMenuV2.ascx,ascx,Needs-Manual,,0.00,P1,No deterministic replacement found.
MAP-071,Portal/WebParts/SystemParts/SystemParts,Portal/WebParts/SystemParts/SystemParts/AppBundle/Menu/ConfigLinkedMenu.ascx,ascx,Needs-Manual,,0.00,P1,No deterministic replacement found.
MAP-072,Portal/WebParts/SystemParts/SystemParts,Portal/WebParts/SystemParts/SystemParts/AppBundle/Menu/ConfigLinkedMenuEdit.ascx,ascx,Needs-Manual,,0.00,P1,No deterministic replacement found.
MAP-073,Portal/WebParts/SystemParts/SystemParts,Portal/WebParts/SystemParts/SystemParts/AppBundle/Menu/Controls/AdminTabControl.ascx,ascx,Needs-Manual,,0.00,P1,No deterministic replacement found.
MAP-074,Portal/WebParts/SystemParts/SystemParts,Portal/WebParts/SystemParts/SystemParts/AppBundle/Menu/DropHighlightMenu.ascx,ascx,Needs-Manual,,0.00,P1,No deterministic replacement found.
MAP-075,Portal/WebParts/SystemParts/SystemParts,Portal/WebParts/SystemParts/SystemParts/AppBundle/Menu/ImportExport.ascx,ascx,Needs-Manual,,0.00,P1,No deterministic replacement found.
MAP-076,Portal/WebParts/SystemParts/SystemParts,Portal/WebParts/SystemParts/SystemParts/AppBundle/Menu/StdCascadeMenu.ascx,ascx,Needs-Manual,,0.00,P1,No deterministic replacement found.
MAP-077,Portal/WebParts/SystemParts/SystemParts,Portal/WebParts/SystemParts/SystemParts/AppBundle/Office/OfficeDetails.ascx,ascx,Needs-Manual,,0.00,P1,No deterministic replacement found.
MAP-078,Portal/WebParts/SystemParts/SystemParts,Portal/WebParts/SystemParts/SystemParts/AppBundle/Others/DateDisplay/CMS_DateDisplay.ascx,ascx,Mapped-Probable,Portal/WebParts/SystemParts/SystemParts/ViewComponents/DateDisplayViewComponent.cs,0.50,P1,Token-based fuzzy match only; requires manual validation.
MAP-079,Portal/WebParts/SystemParts/SystemParts,Portal/WebParts/SystemParts/SystemParts/AppBundle/Others/Script/BodyEvent.ascx,ascx,Needs-Manual,,0.00,P1,No deterministic replacement found.
MAP-080,Portal/WebParts/SystemParts/SystemParts,Portal/WebParts/SystemParts/SystemParts/AppBundle/Photo/CCMS_Category.ascx,ascx,Needs-Manual,,0.00,P1,No deterministic replacement found.
MAP-081,Portal/WebParts/SystemParts/SystemParts,Portal/WebParts/SystemParts/SystemParts/AppBundle/Photo/CCMS_Gallery_02.ascx,ascx,Needs-Manual,,0.00,P1,No deterministic replacement found.
MAP-082,Portal/WebParts/SystemParts/SystemParts,Portal/WebParts/SystemParts/SystemParts/AppBundle/Photo/CMS_Category.ascx,ascx,Mapped-Probable,Portal/WebParts/SystemPartsG3/SystemPartsG3/ViewComponents/IncidentCategoryEditViewComponent.cs; Portal/WebParts/SystemPartsG3/SystemPartsG3/ViewComponents/IncidentCategoryManagerViewComponent.cs,0.50,P1,Token-based fuzzy match only; requires manual validation.
MAP-083,Portal/WebParts/SystemParts/SystemParts,Portal/WebParts/SystemParts/SystemParts/AppBundle/Photo/CMS_Gallery.ascx,ascx,Mapped-Probable,Portal/WebParts/Integration/IntegrationParts/ViewComponents/MCInstagramGalleryViewComponent.cs; Portal/WebParts/SystemParts/SystemParts/ViewComponents/GalleryViewComponent.cs; Portal/WebParts/SystemParts/SystemParts/ViewComponents/InstagramGalleryViewComponent.cs,0.50,P1,Token-based fuzzy match only; requires manual validation.
MAP-084,Portal/WebParts/SystemParts/SystemParts,Portal/WebParts/SystemParts/SystemParts/AppBundle/Photo/ConfigAnimatedBanner.ascx,ascx,Needs-Manual,,0.00,P1,No deterministic replacement found.
MAP-085,Portal/WebParts/SystemParts/SystemParts,Portal/WebParts/SystemParts/SystemParts/AppBundle/Photo/Controls/FancyBoxThumbnails.ascx,ascx,Needs-Manual,,0.00,P1,No deterministic replacement found.
MAP-086,Portal/WebParts/SystemParts/SystemParts,Portal/WebParts/SystemParts/SystemParts/AppBundle/Photo/Controls/SlideShow.ascx,ascx,Needs-Manual,,0.00,P1,No deterministic replacement found.
MAP-087,Portal/WebParts/SystemParts/SystemParts,Portal/WebParts/SystemParts/SystemParts/AppBundle/Photo/Controls/Thumbnails.ascx,ascx,Needs-Manual,,0.00,P1,No deterministic replacement found.
MAP-088,Portal/WebParts/SystemParts/SystemParts,Portal/WebParts/SystemParts/SystemParts/AppBundle/Search/Search_ROG.ascx,ascx,Needs-Manual,,0.00,P1,No deterministic replacement found.
MAP-089,Portal/WebParts/SystemPartsG2/SystemPartsG2,Portal/WebParts/SystemPartsG2/SystemPartsG2/AppBundle2/Ads/AdRedirector.aspx,aspx,Needs-Manual,,0.00,P1,No deterministic replacement found.
MAP-090,Portal/WebParts/SystemPartsG2/SystemPartsG2,Portal/WebParts/SystemPartsG2/SystemPartsG2/AppBundle2/Ads/CMS_Ad.ascx,ascx,Mapped-Probable,Portal/WebParts/Integration/IntegrationParts/ViewComponents/IntAddressBookBrowserViewComponent.cs; Portal/WebParts/Integration/IntegrationParts/ViewComponents/IntAddressBookMiniViewComponent.cs; Portal/WebParts/Integration/IntegrationParts/ViewComponents/IntAdminMemberLinkSyncViewComponent.cs,0.50,P1,Token-based fuzzy match only; requires manual validation.
MAP-091,Portal/WebParts/SystemPartsG2/SystemPartsG2,Portal/WebParts/SystemPartsG2/SystemPartsG2/AppBundle2/BasicList/CMS_01_BasicList.ascx,ascx,Needs-Manual,,0.00,P1,No deterministic replacement found.
MAP-092,Portal/WebParts/SystemPartsG2/SystemPartsG2,Portal/WebParts/SystemPartsG2/SystemPartsG2/AppBundle2/BasicList/ItemTemplates/Single.ascx,ascx,Needs-Manual,,0.00,P1,No deterministic replacement found.
MAP-093,Portal/WebParts/SystemPartsG2/SystemPartsG2,Portal/WebParts/SystemPartsG2/SystemPartsG2/AppBundle2/BasicList/ItemTemplates/TwoColumns.ascx,ascx,Needs-Manual,,0.00,P1,No deterministic replacement found.
MAP-094,Portal/WebParts/SystemPartsG2/SystemPartsG2,Portal/WebParts/SystemPartsG2/SystemPartsG2/AppBundle2/BasicList/ItemTemplates/TwoRows.ascx,ascx,Needs-Manual,,0.00,P1,No deterministic replacement found.
MAP-095,Portal/WebParts/SystemPartsG2/SystemPartsG2,Portal/WebParts/SystemPartsG2/SystemPartsG2/AppBundle2/Download/Controls/BasicList_A3.ascx,ascx,Needs-Manual,,0.00,P1,No deterministic replacement found.
MAP-096,Portal/WebParts/SystemPartsG2/SystemPartsG2,Portal/WebParts/SystemPartsG2/SystemPartsG2/AppBundle2/Download/Controls/DetailedList.ascx,ascx,Needs-Manual,,0.00,P1,No deterministic replacement found.
MAP-097,Portal/WebParts/SystemPartsG2/SystemPartsG2,Portal/WebParts/SystemPartsG2/SystemPartsG2/AppBundle2/Download/Controls/GroupByYear.ascx,ascx,Needs-Manual,,0.00,P1,No deterministic replacement found.
MAP-098,Portal/WebParts/SystemPartsG2/SystemPartsG2,Portal/WebParts/SystemPartsG2/SystemPartsG2/AppBundle2/Download/Handler.ashx,ashx,Needs-Manual,,0.00,P0,No deterministic replacement found.
MAP-099,Portal/WebParts/SystemPartsG2/SystemPartsG2,Portal/WebParts/SystemPartsG2/SystemPartsG2/AppBundle2/Download/PM_Downloads_Edit_02.ascx,ascx,Needs-Manual,,0.00,P1,No deterministic replacement found.
MAP-100,Portal/WebParts/SystemPartsG2/SystemPartsG2,Portal/WebParts/SystemPartsG2/SystemPartsG2/AppBundle2/Download/PM_Downloads_Master_01.ascx,ascx,Needs-Manual,,0.00,P1,No deterministic replacement found.
MAP-101,Portal/WebParts/SystemPartsG2/SystemPartsG2,Portal/WebParts/SystemPartsG2/SystemPartsG2/AppBundle2/Download/SM_Downloads_03.ascx,ascx,Needs-Manual,,0.00,P1,No deterministic replacement found.
MAP-102,Portal/WebParts/SystemPartsG2/SystemPartsG2,Portal/WebParts/SystemPartsG2/SystemPartsG2/AppBundle2/FlashBanner/FlashService.asmx,asmx,Needs-Manual,,0.00,P0,No deterministic replacement found.
MAP-103,Portal/WebParts/SystemPartsG2/SystemPartsG2,Portal/WebParts/SystemPartsG2/SystemPartsG2/AppBundle2/FlashBanner/Handler.ashx,ashx,Needs-Manual,,0.00,P0,No deterministic replacement found.
MAP-104,Portal/WebParts/SystemPartsG2/SystemPartsG2,Portal/WebParts/SystemPartsG2/SystemPartsG2/AppBundle2/Media/cms_media.ascx,ascx,Mapped-Probable,Portal/WebParts/SystemPartsG2/SystemPartsG2/ViewComponents/MediaAdminViewComponent.cs; Portal/WebParts/SystemPartsG2/SystemPartsG2/ViewComponents/MediaListViewComponent.cs; Portal/WebParts/SystemPartsG2/SystemPartsG2/ViewComponents/MediaPlayerViewComponent.cs,0.50,P1,Token-based fuzzy match only; requires manual validation.
MAP-105,Portal/WebParts/SystemPartsG2/SystemPartsG2,Portal/WebParts/SystemPartsG2/SystemPartsG2/AppBundle2/Media/mediahome.ascx,ascx,Needs-Manual,,0.00,P1,No deterministic replacement found.
MAP-106,Portal/WebParts/SystemPartsG2/SystemPartsG2,Portal/WebParts/SystemPartsG2/SystemPartsG2/AppBundle2/Misc/DateDisplay/CMS_DateDisplay.ascx,ascx,Mapped-Probable,Portal/WebParts/SystemParts/SystemParts/ViewComponents/DateDisplayViewComponent.cs,0.50,P1,Token-based fuzzy match only; requires manual validation.
MAP-107,Portal/WebParts/SystemPartsG2/SystemPartsG2,Portal/WebParts/SystemPartsG2/SystemPartsG2/AppBundle2/Misc/Script/BodyEvent.ascx,ascx,Needs-Manual,,0.00,P1,No deterministic replacement found.
MAP-108,Portal/WebParts/SystemPartsG2/SystemPartsG2,Portal/WebParts/SystemPartsG2/SystemPartsG2/AppBundle2/Newsletter/AdminNewsletter.ascx,ascx,Needs-Manual,,0.00,P1,No deterministic replacement found.
MAP-109,Portal/WebParts/SystemPartsG2/SystemPartsG2,Portal/WebParts/SystemPartsG2/SystemPartsG2/AppBundle2/Newsletter/CCMS_MailSender.ascx,ascx,Needs-Manual,,0.00,P1,No deterministic replacement found.
MAP-110,Portal/WebParts/SystemPartsG2/SystemPartsG2,Portal/WebParts/SystemPartsG2/SystemPartsG2/AppBundle2/Newsletter/CCMS_eNewsletter.ascx,ascx,Needs-Manual,,0.00,P1,No deterministic replacement found.
MAP-111,Portal/WebParts/SystemPartsG2/SystemPartsG2,Portal/WebParts/SystemPartsG2/SystemPartsG2/AppBundle2/Newsletter/CMS_Enewsletter.ascx,ascx,Needs-Manual,,0.00,P1,No deterministic replacement found.
MAP-112,Portal/WebParts/SystemPartsG2/SystemPartsG2,Portal/WebParts/SystemPartsG2/SystemPartsG2/AppBundle2/Newsletter/eNewsLetter.ascx,ascx,Needs-Manual,,0.00,P1,No deterministic replacement found.
MAP-113,Portal/WebParts/SystemPartsG2/SystemPartsG2,Portal/WebParts/SystemPartsG2/SystemPartsG2/AppBundle2/SiteList/CMS_ListingPage.ascx,ascx,Mapped-Probable,Portal/WebParts/SystemPartsG2/SystemPartsG2/ViewComponents/ListingPageViewComponent.cs,0.50,P1,Token-based fuzzy match only; requires manual validation.
MAP-114,Portal/WebParts/SystemPartsG2/SystemPartsG2,Portal/WebParts/SystemPartsG2/SystemPartsG2/AppBundle2/SiteList/listsimplehoriz1.ascx,ascx,Needs-Manual,,0.00,P1,No deterministic replacement found.
MAP-115,Portal/WebParts/SystemPartsG2/SystemPartsG2,Portal/WebParts/SystemPartsG2/SystemPartsG2/AppBundle2/SiteList/listsimplevert1.ascx,ascx,Needs-Manual,,0.00,P1,No deterministic replacement found.
MAP-116,Portal/WebParts/SystemPartsG2/SystemPartsG2,Portal/WebParts/SystemPartsG2/SystemPartsG2/AppBundle2/SiteList/subsiteslist.ascx,ascx,Needs-Manual,,0.00,P1,No deterministic replacement found.
MAP-117,Portal/WebParts/SystemPartsG2/SystemPartsG2,Portal/WebParts/SystemPartsG2/SystemPartsG2/AppBundle2/SiteList/subsiteslist_nb.ascx,ascx,Needs-Manual,,0.00,P1,No deterministic replacement found.
MAP-118,Portal/WebParts/SystemPartsG2/SystemPartsG2,Portal/WebParts/SystemPartsG2/SystemPartsG2/AppBundle2/Social/ConfigWall.ascx,ascx,Needs-Manual,,0.00,P1,No deterministic replacement found.
MAP-119,Portal/WebParts/SystemPartsG2/SystemPartsG2,Portal/WebParts/SystemPartsG2/SystemPartsG2/AppBundle2/Social/MobileWall.ascx,ascx,Needs-Manual,,0.00,P1,No deterministic replacement found.
MAP-120,Portal/WebParts/SystemPartsG2/SystemPartsG2,Portal/WebParts/SystemPartsG2/SystemPartsG2/AppBundle2/Social/Plugins/GenericWallPost.ascx,ascx,Needs-Manual,,0.00,P1,No deterministic replacement found.
MAP-121,Portal/WebParts/SystemPartsG2/SystemPartsG2,Portal/WebParts/SystemPartsG2/SystemPartsG2/AppBundle2/Social/Plugins/ProfileUpdateWall.ascx,ascx,Needs-Manual,,0.00,P1,No deterministic replacement found.
MAP-122,Portal/WebParts/SystemPartsG2/SystemPartsG2,Portal/WebParts/SystemPartsG2/SystemPartsG2/AppBundle2/Social/WebService.asmx,asmx,Needs-Manual,,0.00,P0,No deterministic replacement found.
MAP-123,Portal/WebSystem/FCKeditor.Net_2.6.3,Portal/WebSystem/FCKeditor.Net_2.6.3/_samples/aspx/1.1/sample01.aspx,aspx,Retired-By-Design,Portal/WebSystem/WCMS.Framework/RichTextEditor/RichTextEditorRenderer.cs,1.00,P3,FCKeditor samples intentionally removed; editor replaced with CKEditor integration.
MAP-124,Portal/WebSystem/FCKeditor.Net_2.6.3,Portal/WebSystem/FCKeditor.Net_2.6.3/_samples/aspx/1.1/sample02.aspx,aspx,Retired-By-Design,Portal/WebSystem/WCMS.Framework/RichTextEditor/RichTextEditorRenderer.cs,1.00,P3,FCKeditor samples intentionally removed; editor replaced with CKEditor integration.
MAP-125,Portal/WebSystem/FCKeditor.Net_2.6.3,Portal/WebSystem/FCKeditor.Net_2.6.3/_samples/aspx/1.1/sample03.aspx,aspx,Retired-By-Design,Portal/WebSystem/WCMS.Framework/RichTextEditor/RichTextEditorRenderer.cs,1.00,P3,FCKeditor samples intentionally removed; editor replaced with CKEditor integration.
MAP-126,Portal/WebSystem/FCKeditor.Net_2.6.3,Portal/WebSystem/FCKeditor.Net_2.6.3/_samples/aspx/1.1/sample04.aspx,aspx,Retired-By-Design,Portal/WebSystem/WCMS.Framework/RichTextEditor/RichTextEditorRenderer.cs,1.00,P3,FCKeditor samples intentionally removed; editor replaced with CKEditor integration.
MAP-127,Portal/WebSystem/FCKeditor.Net_2.6.3,Portal/WebSystem/FCKeditor.Net_2.6.3/_samples/aspx/2.0/sample01.aspx,aspx,Retired-By-Design,Portal/WebSystem/WCMS.Framework/RichTextEditor/RichTextEditorRenderer.cs,1.00,P3,FCKeditor samples intentionally removed; editor replaced with CKEditor integration.
MAP-128,Portal/WebSystem/FCKeditor.Net_2.6.3,Portal/WebSystem/FCKeditor.Net_2.6.3/_samples/aspx/2.0/sample02.aspx,aspx,Retired-By-Design,Portal/WebSystem/WCMS.Framework/RichTextEditor/RichTextEditorRenderer.cs,1.00,P3,FCKeditor samples intentionally removed; editor replaced with CKEditor integration.
MAP-129,Portal/WebSystem/FCKeditor.Net_2.6.3,Portal/WebSystem/FCKeditor.Net_2.6.3/_samples/aspx/2.0/sample03.aspx,aspx,Retired-By-Design,Portal/WebSystem/WCMS.Framework/RichTextEditor/RichTextEditorRenderer.cs,1.00,P3,FCKeditor samples intentionally removed; editor replaced with CKEditor integration.
MAP-130,Portal/WebSystem/FCKeditor.Net_2.6.3,Portal/WebSystem/FCKeditor.Net_2.6.3/_samples/aspx/2.0/sample04.aspx,aspx,Retired-By-Design,Portal/WebSystem/WCMS.Framework/RichTextEditor/RichTextEditorRenderer.cs,1.00,P3,FCKeditor samples intentionally removed; editor replaced with CKEditor integration.
MAP-131,Portal/WebSystem/WebSystem-MVC,Portal/WebSystem/WebSystem-MVC/Content/Admin/Handlers/Handler.ashx,ashx,Needs-Manual,,0.00,P0,No deterministic replacement found.
MAP-132,Portal/WebSystem/WebSystem-MVC,Portal/WebSystem/WebSystem-MVC/Content/Admin/OrphanPageItems.aspx,aspx,Needs-Manual,,0.00,P1,No deterministic replacement found.
MAP-133,Portal/WebSystem/WebSystem-MVC,Portal/WebSystem/WebSystem-MVC/Content/Admin/SiteAdmins.aspx,aspx,Needs-Manual,,0.00,P1,No deterministic replacement found.
MAP-134,Portal/WebSystem/WebSystem-MVC,Portal/WebSystem/WebSystem-MVC/Content/Admin/SiteCategories.aspx,aspx,Needs-Manual,,0.00,P1,No deterministic replacement found.
MAP-135,Portal/WebSystem/WebSystem-MVC,Portal/WebSystem/WebSystem-MVC/Content/Admin/SiteCategory.aspx,aspx,Needs-Manual,,0.00,P1,No deterministic replacement found.
MAP-136,Portal/WebSystem/WebSystem-MVC,Portal/WebSystem/WebSystem-MVC/Content/Admin/WebBinding.aspx,aspx,Needs-Manual,,0.00,P1,No deterministic replacement found.
MAP-137,Portal/WebSystem/WebSystem-MVC,Portal/WebSystem/WebSystem-MVC/Content/Admin/WebBindings.aspx,aspx,Needs-Manual,,0.00,P1,No deterministic replacement found.
MAP-138,Portal/WebSystem/WebSystem-MVC,Portal/WebSystem/WebSystem-MVC/Content/Admin/WebEvents.aspx,aspx,Needs-Manual,,0.00,P1,No deterministic replacement found.
MAP-139,Portal/WebSystem/WebSystem-MVC,Portal/WebSystem/WebSystem-MVC/Content/Admin/WebLogs.aspx,aspx,Needs-Manual,,0.00,P1,No deterministic replacement found.
MAP-140,Portal/WebSystem/WebSystem-MVC,Portal/WebSystem/WebSystem-MVC/Content/Admin/WebOpen.aspx,aspx,Needs-Manual,,0.00,P1,No deterministic replacement found.
MAP-141,Portal/WebSystem/WebSystem-MVC,Portal/WebSystem/WebSystem-MVC/Content/Controls/CKEditor.ascx,ascx,Needs-Manual,,0.00,P2,No deterministic replacement found.
MAP-142,Portal/WebSystem/WebSystem-MVC,Portal/WebSystem/WebSystem-MVC/Content/Controls/ComboDatePicker.ascx,ascx,Needs-Manual,,0.00,P2,No deterministic replacement found.
MAP-143,Portal/WebSystem/WebSystem-MVC,Portal/WebSystem/WebSystem-MVC/Content/Controls/ContextActionBar.ascx,ascx,Needs-Manual,,0.00,P2,No deterministic replacement found.
MAP-144,Portal/WebSystem/WebSystem-MVC,Portal/WebSystem/WebSystem-MVC/Content/Controls/FullNamePicker.ascx,ascx,Needs-Manual,,0.00,P2,No deterministic replacement found.
MAP-145,Portal/WebSystem/WebSystem-MVC,Portal/WebSystem/WebSystem-MVC/Content/Controls/MonthPicker.ascx,ascx,Needs-Manual,,0.00,P2,No deterministic replacement found.
MAP-146,Portal/WebSystem/WebSystem-MVC,Portal/WebSystem/WebSystem-MVC/Content/Controls/PhoneNumber.ascx,ascx,Needs-Manual,,0.00,P2,No deterministic replacement found.
MAP-147,Portal/WebSystem/WebSystem-MVC,Portal/WebSystem/WebSystem-MVC/Content/Controls/TabControlV1.ascx,ascx,Needs-Manual,,0.00,P2,No deterministic replacement found.
MAP-148,Portal/WebSystem/WebSystem-MVC,Portal/WebSystem/WebSystem-MVC/Content/Controls/WMPControl.ascx,ascx,Needs-Manual,,0.00,P2,No deterministic replacement found.
MAP-149,Portal/WebSystem/WebSystem-MVC,Portal/WebSystem/WebSystem-MVC/Content/Handlers/AjaxHandler.ashx,ashx,Mapped-Probable,Portal/WebSystem/WebSystem-MVC/Api/FrameworkApiController.cs,0.40,P0,Likely moved into API surface; verify route/contract
MAP-150,Portal/WebSystem/WebSystem-MVC,Portal/WebSystem/WebSystem-MVC/Content/Parts/Central/AccountService.asmx,asmx,Mapped-Direct,Portal/WebSystem/WebSystem-MVC/Api/AccountApiController.cs,1.00,P0,Direct mapped replacement identified from current API/controller structure.
MAP-151,Portal/WebSystem/WebSystem-MVC,Portal/WebSystem/WebSystem-MVC/Content/Parts/Central/Agent/TaskManager.ascx,ascx,Needs-Manual,,0.00,P1,No deterministic replacement found.
MAP-152,Portal/WebSystem/WebSystem-MVC,Portal/WebSystem/WebSystem-MVC/Content/Parts/Central/Controls/ChangePasswordForm.ascx,ascx,Needs-Manual,,0.00,P1,No deterministic replacement found.
MAP-153,Portal/WebSystem/WebSystem-MVC,Portal/WebSystem/WebSystem-MVC/Content/Parts/Central/Controls/ParameterSetSelector.ascx,ascx,Needs-Manual,,0.00,P1,No deterministic replacement found.
MAP-154,Portal/WebSystem/WebSystem-MVC,Portal/WebSystem/WebSystem-MVC/Content/Parts/Central/Controls/TreeControls.ascx,ascx,Needs-Manual,,0.00,P1,No deterministic replacement found.
MAP-155,Portal/WebSystem/WebSystem-MVC,Portal/WebSystem/WebSystem-MVC/Content/Parts/Central/Controls/UserProfileForm.ascx,ascx,Needs-Manual,,0.00,P1,No deterministic replacement found.
MAP-156,Portal/WebSystem/WebSystem-MVC,Portal/WebSystem/WebSystem-MVC/Content/Parts/Central/Controls/UserRolesForm.ascx,ascx,Needs-Manual,,0.00,P1,No deterministic replacement found.
MAP-157,Portal/WebSystem/WebSystem-MVC,Portal/WebSystem/WebSystem-MVC/Content/Parts/Central/Controls/WebGenericTab.ascx,ascx,Needs-Manual,,0.00,P1,No deterministic replacement found.
MAP-158,Portal/WebSystem/WebSystem-MVC,Portal/WebSystem/WebSystem-MVC/Content/Parts/Central/Misc/WebResourceManager.ascx,ascx,Needs-Manual,,0.00,P1,No deterministic replacement found.
MAP-159,Portal/WebSystem/WebSystem-MVC,Portal/WebSystem/WebSystem-MVC/Content/Parts/Central/Security/UserActivities.ascx,ascx,Needs-Manual,,0.00,P1,No deterministic replacement found.
MAP-160,Portal/WebSystem/WebSystem-MVC,Portal/WebSystem/WebSystem-MVC/Content/Parts/Central/Tools/ImportExportHome.ascx,ascx,Needs-Manual,,0.00,P1,No deterministic replacement found.
MAP-161,Portal/WebSystem/WebSystem-MVC,Portal/WebSystem/WebSystem-MVC/Content/Parts/Central/Tools/ImportExportPage.ascx,ascx,Needs-Manual,,0.00,P1,No deterministic replacement found.
MAP-162,Portal/WebSystem/WebSystem-MVC,Portal/WebSystem/WebSystem-MVC/Content/Parts/Central/Tools/ImportExportParameterSets.ascx,ascx,Needs-Manual,,0.00,P1,No deterministic replacement found.
MAP-163,Portal/WebSystem/WebSystem-MVC,Portal/WebSystem/WebSystem-MVC/Content/Parts/Central/Tools/MessageQueueManager.ascx,ascx,Needs-Manual,,0.00,P1,No deterministic replacement found.
MAP-164,Portal/WebSystem/WebSystem-MVC,Portal/WebSystem/WebSystem-MVC/Content/Parts/Central/Tools/ShortUrlEdit.ascx,ascx,Needs-Manual,,0.00,P1,No deterministic replacement found.
MAP-165,Portal/WebSystem/WebSystem-MVC,Portal/WebSystem/WebSystem-MVC/Content/Parts/Central/Tools/SmtpAnalyzer.ascx,ascx,Needs-Manual,,0.00,P1,No deterministic replacement found.
MAP-166,Portal/WebSystem/WebSystem-MVC,Portal/WebSystem/WebSystem-MVC/Content/Parts/Central/Tools/WebDataExplorer.ascx,ascx,Needs-Manual,,0.00,P1,No deterministic replacement found.
MAP-167,Portal/WebSystem/WebSystem-MVC,Portal/WebSystem/WebSystem-MVC/Content/Parts/Central/Tools/WebDataRows.ascx,ascx,Needs-Manual,,0.00,P1,No deterministic replacement found.
MAP-168,Portal/WebSystem/WebSystem-MVC,Portal/WebSystem/WebSystem-MVC/Content/Parts/Central/Tools/WebToolsTree.ascx,ascx,Needs-Manual,,0.00,P1,No deterministic replacement found.
MAP-169,Portal/WebSystem/WebSystem-MVC,Portal/WebSystem/WebSystem-MVC/Content/Parts/Central/TreePanel.ascx,ascx,Needs-Manual,,0.00,P1,No deterministic replacement found.
MAP-170,Portal/WebSystem/WebSystem-MVC,Portal/WebSystem/WebSystem-MVC/Content/Parts/Central/WebOpen.ascx,ascx,Needs-Manual,,0.00,P1,No deterministic replacement found.
MAP-171,Portal/WebSystem/WebSystem-MVC,Portal/WebSystem/WebSystem-MVC/Content/Parts/Central/WebSites/WebChildPages.ascx,ascx,Needs-Manual,,0.00,P1,No deterministic replacement found.
MAP-172,Portal/WebSystem/WebSystem-MVC,Portal/WebSystem/WebSystem-MVC/Content/Parts/Central/WebSites/WebIdentity.ascx,ascx,Needs-Manual,,0.00,P1,No deterministic replacement found.
MAP-173,Portal/WebSystem/WebSystem-MVC,Portal/WebSystem/WebSystem-MVC/Content/Parts/Common/AdminCommentManager.ascx,ascx,Needs-Manual,,0.00,P1,No deterministic replacement found.
MAP-174,Portal/WebSystem/WebSystem-MVC,Portal/WebSystem/WebSystem-MVC/Content/Parts/Common/FxService.asmx,asmx,Mapped-Direct,Portal/WebSystem/WebSystem-MVC/Api/FrameworkApiController.cs,1.00,P0,Direct mapped replacement identified from current API/controller structure.
MAP-175,Portal/WebSystem/WebSystem-MVC,Portal/WebSystem/WebSystem-MVC/Content/Parts/Common/LoginV2.ascx,ascx,Needs-Manual,,0.00,P1,No deterministic replacement found.
MAP-176,Portal/WebSystem/WebSystem-MVC,Portal/WebSystem/WebSystem-MVC/Content/Parts/Test/CategoryPart.ascx,ascx,Needs-Manual,,0.00,P1,No deterministic replacement found.
MAP-177,Portal/WebSystem/WebSystem-MVC,Portal/WebSystem/WebSystem-MVC/Content/Parts/Test/DetailsPart.ascx,ascx,Needs-Manual,,0.00,P1,No deterministic replacement found.
MAP-178,Portal/WebSystem/WebSystem-MVC,Portal/WebSystem/WebSystem-MVC/Content/Plugins/fckeditor/editor/filemanager/connectors/aspx/connector.aspx,aspx,Needs-Manual,,0.00,P2,No deterministic replacement found.
MAP-179,Portal/WebSystem/WebSystem-MVC,Portal/WebSystem/WebSystem-MVC/Content/Windows/AccountBrowser.aspx,aspx,Needs-Manual,,0.00,P2,No deterministic replacement found.
MAP-180,Portal/WebSystem/WebSystem-MVC,Portal/WebSystem/WebSystem-MVC/Content/Windows/DateTimePicker.aspx,aspx,Needs-Manual,,0.00,P2,No deterministic replacement found.
MAP-181,Portal/WebSystem/WebSystem-MVC,Portal/WebSystem/WebSystem-MVC/Content/Windows/FileBrowser.aspx,aspx,Needs-Manual,,0.00,P2,No deterministic replacement found.
MAP-182,Portal/WebSystem/WebSystem-MVC,Portal/WebSystem/WebSystem-MVC/Content/Windows/LinkBrowser.aspx,aspx,Needs-Manual,,0.00,P2,No deterministic replacement found.
MAP-183,Portal/WebSystem/WebSystem-MVC,Portal/WebSystem/WebSystem-MVC/Content/Windows/ObjectBrowser.aspx,aspx,Needs-Manual,,0.00,P2,No deterministic replacement found.
MAP-184,Portal/WebSystem/WebSystem-MVC,Portal/WebSystem/WebSystem-MVC/Content/Windows/StyleBuilder.aspx,aspx,Needs-Manual,,0.00,P2,No deterministic replacement found.
MAP-185,Portal/WebSystem/WebSystem-MVC,Portal/WebSystem/WebSystem-MVC/Content/fb-channel.aspx,aspx,Needs-Manual,,0.00,P2,No deterministic replacement found.
MAP-186,Portal/WebSystem/WebSystem-MVC,Portal/WebSystem/WebSystem-MVC/Error.aspx,aspx,Needs-Manual,,0.00,P2,No deterministic replacement found.
MAP-187,Portal/WebSystem/WebSystem-MVC,Portal/WebSystem/WebSystem-MVC/Static.aspx,aspx,Needs-Manual,,0.00,P2,No deterministic replacement found.
